ticker,publish_date,publish_time,title,url,sentiment,importance,summary,translate
TSLA,2025-06-11,04:54,Tesla leads Magnificent 7 premarket gains By Investing.com,https://www.investing.com/news/stock-market-news/tesla-leads-magnificent-7-premarket-gains-93CH-4090253,Positive,4,"Tesla shares are leading premarket gains among the Magnificent 7 stocks, rising by as much as 2.9% while other major tech companies show slight declines. This premarket strength extends a recent rebound for the stock.",หุ้น Tesla นำการปรับตัวขึ้นก่อนเปิดตลาดในกลุ่มหุ้น Magnificent 7 โดยปรับตัวขึ้นมากถึง 2.9% ในขณะที่บริษัทเทคโนโลยีรายใหญ่อื่นๆ แสดงให้เห็นถึงการปรับตัวลงเล็กน้อย ความแข็งแกร่งก่อนเปิดตลาดนี้เป็นการขยายตัวของการฟื้นตัวล่าสุดของหุ้น
TSLA,2025-06-11,04:16,Tesla public robotaxi rides scheduled for June 22- Musk By Investing.com,https://www.investing.com/news/assorted/tesla-public-robotaxi-rides-scheduled-for-june-22-musk-432SI-4090213,Positive,5,Elon Musk announced that Tesla's public robotaxi rides are scheduled to begin on June 22nd.,Elon Musk ประกาศว่าการให้บริการ robotaxi สาธารณะของ Tesla มีกำหนดจะเริ่มในวันที่ 22 มิถุนายน
TSLA,2025-06-11,03:34,"U.S.-China trade deal, CPI ahead, Oracle to report",https://www.investing.com/news/economy-news/uschina-trade-deal-cpi-ahead-oracle-to-report--whats-moving-markets-4090160,Neutral,1,"The article reports on U.S. stock futures edging lower due to a muted response to a new ""framework"" U.S.-China trade deal that resolved rare earths concerns but lacked details. It highlights the upcoming U.S. CPI data release as a key focus for investors regarding inflation and tariff impacts, and notes Oracle's upcoming earnings report.","บทความรายงานเกี่ยวกับ U.S. stock futures ที่ปรับตัวลดลงเล็กน้อยเนื่องจากการตอบสนองที่ไม่ชัดเจนต่อ ""framework"" ข้อตกลงการค้าระหว่าง U.S.-China ฉบับใหม่ที่แก้ไขข้อกังวลเรื่อง rare earths แต่ขาดรายละเอียด โดยเน้นย้ำถึงการเปิดเผยข้อมูล U.S. CPI ที่กำลังจะมาถึงซึ่งเป็นจุดสนใจหลักสำหรับนักลงทุนเกี่ยวกับผลกระทบของภาวะเงินเฟ้อและภาษี และกล่าวถึงรายงานผลประกอบการที่กำลังจะมาถึงของ Oracle"
TSLA,2025-06-11,03:29,Tesla gains as Musk says he regrets some Trump-related posts By Investing.com,https://www.investing.com/news/stock-market-news/musk-says-he-regrets-some-posts-about-trump-in-recent-feud-4090158,Positive,4,"Elon Musk stated he regrets some social media posts made last week during a public dispute with former President Donald Trump. This disagreement had previously raised market concerns about potential impacts on Musk's businesses, including Tesla. Following Musk's latest post, Tesla shares rose in pre-market trading.",Elon Musk กล่าวว่าเขารู้สึกเสียใจกับโพสต์บางส่วนบน social media ที่โพสต์เมื่อสัปดาห์ที่แล้วระหว่างการโต้เถียงต่อหน้าสาธารณชนกับอดีตประธานาธิบดี Donald Trump ความขัดแย้งนี้ก่อนหน้านี้ได้ก่อให้เกิดความกังวลในตลาดเกี่ยวกับผลกระทบที่อาจเกิดขึ้นกับธุรกิจของ Musk รวมถึง Tesla หลังจากโพสต์ล่าสุดของ Musk หุ้น Tesla ปรับตัวสูงขึ้นในการซื้อขาย pre-market
TSLA,2025-06-11,03:19,Musk says some of his posts about Trump ’went too far’ By Reuters,https://www.investing.com/news/stock-market-news/musk-says-he-regrets-some-posts-he-made-about-trump-4090150,Positive,4,"Elon Musk stated he regrets some recent social media posts about Donald Trump, admitting they ""went too far,"" following a public exchange of insults and Trump declaring their relationship over. While the relationship had soured over policy disagreements, recent comments from both suggest a potential desire to de-escalate or repair ties.","Elon Musk กล่าวว่าเขารู้สึกเสียใจกับ social media posts บางส่วนล่าสุดเกี่ยวกับ Donald Trump โดยยอมรับว่ามัน ""went too far"" หลังจากที่มีการโต้ตอบด้วยคำพูดที่รุนแรงต่อหน้าสาธารณชน และ Trump ประกาศว่าความสัมพันธ์ของพวกเขาจบลงแล้ว ในขณะที่ความสัมพันธ์นั้นแย่ลงเนื่องจากความขัดแย้งทางนโยบาย ความคิดเห็นล่าสุดจากทั้งสองฝ่ายบ่งชี้ถึงความต้องการที่จะลดความรุนแรงหรือฟื้นฟูความสัมพันธ์"
TSLA,2025-06-11,03:06,Polestar restarts market expansion with France By Reuters,https://www.investing.com/news/stock-market-news/polestar-restarts-market-expansion-with-france-4090136,Neutral,3,"Swedish premium EV maker Polestar is restarting its market expansion by entering France this year, aiming for it to become one of its top European markets. This move follows a period of stalled expansion due to financial challenges, with the company now focusing on profitable European markets.",ผู้ผลิตรถยนต์ EV พรีเมียมสัญชาติสวีเดน Polestar กำลังเริ่มต้นขยายตลาดอีกครั้งโดยการเข้าสู่ France ในปีนี้ โดยมีเป้าหมายให้เป็นหนึ่งในตลาดยุโรปชั้นนำของบริษัท การเคลื่อนไหวนี้เกิดขึ้นหลังจากช่วงเวลาที่การขยายตัวหยุดชะงักเนื่องจาก financial challenges โดยขณะนี้บริษัทกำลังมุ่งเน้นไปที่ profitable European markets
TSLA,2025-06-11,02:30,Tesla set to launch robotaxi service in Austin on June 22 By Investing.com,https://www.investing.com/news/stock-market-news/tesla-set-to-launch-robotaxi-service-in-austin-on-june-22-93CH-4090081,Positive,5,"Tesla is reportedly scheduled to launch its highly anticipated robotaxi service in Austin, Texas, on June 22nd. This news provides a specific date for the rollout of a key future business initiative for the company.","มีรายงานว่า Tesla มีกำหนดเปิดตัวบริการ robotaxi ที่เป็นที่รอคอยอย่างสูงใน Austin, Texas ในวันที่ 22 มิถุนายน ข่าวนี้ระบุวันที่ที่แน่นอนสำหรับการเปิดตัวโครงการริเริ่มทางธุรกิจที่สำคัญในอนาคตของบริษัท"
TSLA,2025-06-10,21:14,Stocks and dollar cautiously welcome latest US-China trade detente By Reuters,https://www.investing.com/news/stock-market-news/stocks-offer-restrained-response-to-uschina-trade-framework-4089993,Neutral,4,"Stock markets and the dollar showed a cautious reaction to news that US and China negotiators agreed on a trade framework, with investors awaiting more details and remaining skeptical about a comprehensive deal. The article also notes other market factors like upcoming US inflation data and bond auctions.",ตลาดหุ้นและค่าเงินบาทแสดงปฏิกิริยาอย่างระมัดระวังต่อข่าวที่ผู้เจรจาของ US และ China ตกลงในกรอบการค้า โดยนักลงทุนรอรายละเอียดเพิ่มเติมและยังคงสงสัยเกี่ยวกับข้อตกลงที่ครอบคลุม บทความนี้ยังกล่าวถึงปัจจัยตลาดอื่นๆ เช่น ข้อมูล US inflation ที่กำลังจะมาถึงและการประมูล bond
TSLA,2025-06-10,20:57,"Tesla robotaxi public rides to ‘tentatively’ begin on June 22, Musk says By Investing.com",https://www.investing.com/news/stock-market-news/tesla-robotaxi-public-rides-to-tentatively-begin-on-june-22-musk-says-4089982,Positive,5,"Tesla CEO Elon Musk announced tentative dates for public robotaxi rides to begin on June 22 in Austin, Texas. He also stated that Tesla vehicles will start self-delivering from the factory to customers around June 28, emphasizing safety precautions for both initiatives.","CEO ของ Tesla, Elon Musk ได้ประกาศวันที่โดยประมาณสำหรับการเริ่มให้บริการ robotaxi แก่สาธารณชนในวันที่ 22 มิถุนายน ที่ Austin, Texas เขายังกล่าวอีกว่ารถยนต์ Tesla จะเริ่มทำการ self-delivering จากโรงงานไปยังลูกค้าประมาณวันที่ 28 มิถุนายน โดยเน้นย้ำถึงมาตรการ safety precautions สำหรับทั้งสอง initiatives"
TSLA,2025-06-10,20:30,"Tesla’s public robotaxi rides set for tentative June 22 start, CEO Musk says By Reuters",https://www.investing.com/news/stock-market-news/teslas-public-robotaxi-rides-to-start-on-june-22-tentatively-ceo-musk-says-4089979,Positive,5,"Tesla CEO Elon Musk announced a tentative date of June 22 for the start of public robotaxi rides in Austin, Texas. This long-promised service is considered crucial for Tesla's future valuation and growth, particularly as traditional EV sales face challenges.","CEO ของ Tesla, Elon Musk ได้ประกาศวันที่โดยประมาณคือ 22 มิถุนายน สำหรับการเริ่มต้นให้บริการ robotaxi แก่สาธารณชนใน Austin, Texas บริการที่สัญญาไว้นานนี้ถือว่ามีความสำคัญอย่างยิ่งต่อการประเมินมูลค่าและการเติบโตในอนาคตของ Tesla โดยเฉพาะอย่างยิ่งเมื่อยอดขาย EV แบบดั้งเดิมกำลังเผชิญกับความท้าทาย"
TSLA,2025-06-10,19:50,"Trump to sign resolutions nixing California’s EV rules, sources By Reuters",https://www.investing.com/news/stock-market-news/trump-to-sign-resolutions-nixing-californias-ev-rules-sources-4089959,Negative,5,"U.S. President Trump is scheduled to sign resolutions blocking California's mandates requiring 80% of new vehicle sales to be electric by 2035, along with other heavy-duty vehicle emission rules. This action, achieved by repealing EPA waivers, is viewed as a win for traditional automakers who opposed the mandates and a setback for California and environmental advocates. The move removes a significant regulatory driver for EV adoption in states representing a third of the U.S. auto market.",ประธานาธิบดี U.S. Trump มีกำหนดการลงนามในมติยับยั้งข้อกำหนดของ California ที่กำหนดให้ 80% ของยอดขายรถยนต์ใหม่ต้องเป็นรถยนต์ไฟฟ้าภายในปี 2035 พร้อมกับกฎระเบียบการปล่อยมลพิษของรถบรรทุกขนาดใหญ่อื่นๆ การกระทำนี้ ซึ่งสำเร็จได้โดยการยกเลิกการผ่อนผันของ EPA ถูกมองว่าเป็นชัยชนะของผู้ผลิตรถยนต์ดั้งเดิมที่คัดค้านข้อกำหนดดังกล่าว และเป็นความพ่ายแพ้สำหรับ California และผู้สนับสนุนด้านสิ่งแวดล้อม การเคลื่อนไหวนี้เป็นการลบตัวขับเคลื่อนด้านกฎระเบียบที่สำคัญสำหรับการนำ EV มาใช้ในรัฐต่างๆ ที่มีสัดส่วนหนึ่งในสามของตลาดรถยนต์ U.S.
TSLA,2025-06-10,17:04,"SpaceX could reach $2.5 trillion value by 2030, ARK says By Investing.com",https://www.investing.com/news/company-news/spacex-could-reach-25-trillion-value-by-2030-ark-says-93CH-4089798,Positive,1,"ARK Invest projects SpaceX could reach a $2.5 trillion valuation by 2030, driven primarily by the success and monetization of its Starlink satellite internet service and the efficiency gains from its Starship platform. The forecast, while acknowledging risks, implies significant growth from its current valuation.",ARK Invest คาดการณ์ว่า SpaceX อาจมีมูลค่าสูงถึง 2.5 ล้านล้านดอลลาร์สหรัฐภายในปี 2030 โดยมีปัจจัยขับเคลื่อนหลักมาจากความสำเร็จและการสร้างรายได้ของบริการอินเทอร์เน็ตผ่านดาวเทียม Starlink และประสิทธิภาพที่เพิ่มขึ้นจากแพลตฟอร์ม Starship การคาดการณ์นี้ แม้จะยอมรับถึงความเสี่ยงต่างๆ ก็บ่งชี้ถึงการเติบโตอย่างมีนัยสำคัญจากมูลค่าปัจจุบัน
TSLA,2025-06-10,16:30,U.S. stocks higher at close of trade; Dow Jones Industrial Average up 0.25% By Investing.com,https://www.investing.com/news/stock-market-news/us-stocks-higher-at-close-of-trade-dow-jones-industrial-average-up-025-4089740,Positive,5,"The article reports that U.S. stocks closed higher on Tuesday, with the Dow, S&P 500, and Nasdaq Composite all posting gains. It lists top and worst performing stocks across these indices, highlighting Tesla Inc. as a top performer on the S&P 500.","บทความรายงานว่าหุ้น U.S. ปิดสูงขึ้นเมื่อวันอังคาร โดยที่ Dow, S&P 500 และ Nasdaq Composite ต่างก็มีผลกำไร นอกจากนี้ยังระบุรายชื่อหุ้นที่มีผลการดำเนินงานดีที่สุดและแย่ที่สุดในกลุ่ม indices เหล่านี้ โดยเน้น Tesla Inc. ว่าเป็นหุ้นที่มีผลการดำเนินงานดีที่สุดใน S&P 500"
TSLA,2025-06-10,11:11,"Musk’s public clash with Trump likely calculated, says Morgan Stanley By Investing.com",https://www.investing.com/news/stock-market-news/musks-public-clash-with-trump-likely-calculated-says-morgan-stanley-4089255,Positive,5,"Morgan Stanley analysts view Elon Musk's public clash with Donald Trump as a calculated strategy to highlight US debt issues, acknowledging potential negative sentiment for Tesla but believing management anticipated it. While warning of increased stock volatility due to Musk's political involvement, the firm reiterates its Overweight rating and $410 price target, maintaining Tesla as a 'Top Pick' based on its long-term potential in AI, robotics, and energy.","นักวิเคราะห์ของ Morgan Stanley มองว่าการปะทะคารมต่อหน้าสาธารณชนของ Elon Musk กับ Donald Trump เป็นกลยุทธ์ที่คำนวณมาแล้วเพื่อเน้นย้ำปัญหาหนี้สินของสหรัฐฯ โดยยอมรับว่าอาจมีกระแสความรู้สึกเชิงลบต่อ Tesla แต่เชื่อว่าฝ่ายบริหารคาดการณ์ไว้แล้ว แม้จะเตือนถึงความผันผวนของราคาหุ้นที่เพิ่มขึ้นเนื่องจากการมีส่วนร่วมทางการเมืองของ Musk แต่บริษัทฯ ยังคงย้ำถึงเรตติ้ง Overweight และราคาเป้าหมายที่ $410 โดยยังคงให้ Tesla เป็น 'Top Pick' โดยอิงจากศักยภาพระยะยาวในด้าน AI, robotics และพลังงาน"
TSLA,2025-06-10,09:58,"US agencies tracked foreigners visiting Musk’s properties in 2022 and 2023, WSJ reports By Reuters",https://www.investing.com/news/world-news/us-agencies-tracked-foreigners-visiting-musks-properties-in-2022-and-2023-wsj-reports-4089095,Negative,4,"U.S. government agencies reportedly tracked foreign nationals visiting Elon Musk's properties in 2022 and 2023 due to concerns about potential foreign influence attempts. The investigation, involving DHS and DOJ, focused on visitors from Eastern Europe and elsewhere, but no charges were filed.",มีรายงานว่าหน่วยงานรัฐบาล U.S. ติดตามชาวต่างชาติที่มาเยี่ยมชม properties ของ Elon Musk ในปี 2022 และ 2023 เนื่องจากความกังวลเกี่ยวกับความพยายามในการแทรกแซงจากต่างชาติที่อาจเกิดขึ้น การสืบสวนซึ่งเกี่ยวข้องกับ DHS และ DOJ มุ่งเน้นไปที่ผู้มาเยือนจาก Eastern Europe และที่อื่นๆ แต่ไม่มีการตั้งข้อหาใดๆ
TSLA,2025-06-10,09:20,"U.S. agencies monitored foreign visits to Elon Musk’s properties, says WSJ By Investing.com",https://www.investing.com/news/general-news/us-agencies-monitored-foreign-visits-to-elon-musks-properties-says-wsj-4088926,Negative,4,"According to a report by the Wall Street Journal, U.S. government agencies have been monitoring foreign visitors to properties owned by Tesla CEO Elon Musk. This monitoring is reportedly linked to national security concerns.",จากรายงานของ Wall Street Journal หน่วยงานรัฐบาล U.S. ได้เฝ้าติดตามนักท่องเที่ยวต่างชาติที่เข้าพักในอสังหาริมทรัพย์ที่เป็นเจ้าของโดย Tesla CEO Elon Musk โดยมีการรายงานว่าการเฝ้าติดตามนี้เชื่อมโยงกับความกังวลด้าน national security
TSLA,2025-06-10,06:58,TSX closes higher amid ongoing U.S.-China trade talks By Investing.com,https://www.investing.com/news/stock-market-news/tsx-futures-inch-higher-amid-ongoing-uschina-trade-talks-4088455,Positive,4,"The article reports that the TSX closed higher and U.S. stocks advanced amidst ongoing U.S.-China trade talks. It highlights that Tesla stock led gains among major tech stocks, driven by its launch of Robotaxis in Austin and easing tensions between Elon Musk and President Trump.",บทความรายงานว่า TSX ปิดตัวสูงขึ้นและหุ้นของสหรัฐฯ ปรับตัวสูงขึ้นท่ามกลางการเจรจาการค้าระหว่างสหรัฐฯ-จีนที่กำลังดำเนินอยู่ โดยเน้นว่าหุ้น Tesla นำการเพิ่มขึ้นในกลุ่มหุ้นเทคโนโลยีรายใหญ่ ซึ่งได้รับแรงหนุนจากการเปิดตัว Robotaxis ใน Austin และความตึงเครียดที่คลี่คลายลงระหว่าง Elon Musk และ President Trump
TSLA,2025-06-10,06:19,Wall Street ends higher as investors track US-China trade talks By Reuters,https://www.investing.com/news/economy-news/wall-street-futures-subdued-as-uschina-trade-talks-grab-focus-4088340,Positive,4,"Wall Street closed higher, driven by investor optimism regarding ongoing US-China trade talks aimed at resolving tariff disputes. Tesla shares rallied significantly, contributing to the market's gains amid expectations of favorable trade outcomes.",Wall Street ปิดตัวสูงขึ้น โดยได้รับแรงหนุนจากความเชื่อมั่นของนักลงทุนเกี่ยวกับ ongoing US-China trade talks ที่มุ่งแก้ไขข้อพิพาทด้าน tariff หุ้น Tesla ปรับตัวสูงขึ้นอย่างมีนัยสำคัญ ซึ่งมีส่วนช่วยให้ตลาดปรับตัวขึ้น ท่ามกลางความคาดหวังถึง favorable trade outcomes
TSLA,2025-06-10,05:46,India’s Maruti Suzuki cuts near-term EV production amid rare earths crisis By Reuters,https://www.investing.com/news/stock-market-news/exclusiveindias-maruti-suzuki-cuts-nearterm-ev-production-amid-rare-earths-crisis-4088254,Negative,2,"Maruti Suzuki, India's top carmaker, has significantly cut near-term production targets for its first electric vehicle, the e-Vitara, by two-thirds due to rare earth material shortages. This setback highlights supply chain challenges in the Indian EV market and impacts Maruti's launch strategy.","Maruti Suzuki, ผู้ผลิตรถยนต์อันดับหนึ่งของอินเดีย, ได้ลดเป้าหมายการผลิตในระยะใกล้สำหรับรถยนต์ไฟฟ้าคันแรก, the e-Vitara, ลงอย่างมากถึงสองในสาม เนื่องจากปัญหาการขาดแคลน rare earth material การชะงักงันนี้เน้นให้เห็นถึง supply chain challenges ในตลาด Indian EV และส่งผลกระทบต่อ launch strategy ของ Maruti"
TSLA,2025-06-09,22:16,"Stocks, dollar edge higher as investors track US-China trade talk progress By Reuters",https://www.investing.com/news/stock-market-news/stocks-rise-dollar-tentative-ahead-of-uschina-talks-outcome-4087872,Positive,3,"Global stocks and the dollar edged higher as investors reacted positively to progress in US-China trade talks, easing market tensions despite underlying economic concerns. The article notes that Tesla shares were among the strong performers, gaining over 5% during this market uptick.",หุ้นทั่วโลกและค่าเงิน dollar ปรับตัวสูงขึ้นเล็กน้อยเนื่องจากนักลงทุนตอบรับในเชิงบวกต่อความคืบหน้าในการเจรจาการค้าระหว่าง US-China ซึ่งช่วยลดความตึงเครียดในตลาดแม้จะมีความกังวลทางเศรษฐกิจอยู่บ้าง บทความระบุว่าหุ้น Tesla เป็นหนึ่งในหุ้นที่มีผลการดำเนินงานแข็งแกร่ง โดยเพิ่มขึ้นกว่า 5% ในช่วงขาขึ้นของตลาดนี้
