ticker,publish_date,publish_time,title,url,sentiment,importance,summary
GOOGL,2025-05-26,01:48,Uranium stocks extend gains as Trump signs orders to boost nuclear industry By Investing.com,https://www.investing.com/news/stock-market-news/uranium-stocks-extend-gains-as-trump-signs-orders-to-boost-nuclear-industry-4063424,Positive,3,"Uranium and nuclear technology stocks extended gains globally after U.S. President Trump signed executive orders aimed at boosting the U.S. nuclear industry. The orders are expected to increase demand for uranium and reactor technology, partly driven by the high electricity needs of the AI industry, where companies like Alphabet are funding nuclear energy agreements."
GOOGL,2025-05-25,06:00,"5 big analyst AI moves: Tesla ’most undervalued AI play’, MongoDB downgraded By Investing.com",https://www.investing.com/news/stock-market-news/5-big-analyst-ai-moves-tesla-most-undervalued-ai-play-mongodb-downgraded-4063000,Neutral,1,"The article summarizes key analyst rating changes and commentary on several AI-related stocks this week, including positive views on Nvidia, Tesla, Dell, and Bilibili, and a downgrade for MongoDB, based on their respective AI strategies and market positions."
GOOGL,2025-05-25,04:21,Street Call of the Week By Investing.com,https://www.investing.com/news/stock-market-news/street-call-of-the-week-4063138,Neutral,1,"The article summarizes several analyst stock calls from the past week, including a Wells Fargo downgrade of Reddit. This downgrade cited pressure on Reddit's user engagement and ad revenue stemming from Google's integration of AI-driven search features."
GOOGL,2025-05-23,19:39,Four partners leave Paul Weiss following law firm’s deal with Trump By Reuters,https://www.investing.com/news/stock-market-news/four-partners-leave-paul-weiss-following-law-firms-deal-with-trump-4062655,Neutral,4,"Four partners, including Google's lead attorney Karen Dunn, are leaving the law firm Paul Weiss to start a new practice. Their departure follows a recent deal between Paul Weiss and the Trump administration to lift an executive order targeting the firm."
GOOGL,2025-05-23,19:08,Telegram ’surprised’ as Vietnam orders messaging app to be blocked By Reuters,https://www.investing.com/news/economy-news/telegram-surprised-as-vietnam-orders-messaging-app-to-be-blocked-4062644,Neutral,1,"Vietnam has ordered telecommunication providers to block the messaging app Telegram, citing the company's alleged failure to cooperate in combating crimes and sharing user data. Telegram expressed surprise at the move, stating they have responded to legal requests and are processing a recent formal notice."
GOOGL,2025-05-23,14:14,"Oracle to buy $40 billion of Nvidia chips for OpenAI’s US data center, FT reports By Reuters",https://www.investing.com/news/stock-market-news/oracle-to-buy-40-billion-of-nvidia-chips-for-openais-us-data-center-ft-reports-4062372,Neutral,4,"Oracle reportedly plans to spend $40 billion on Nvidia chips to build a large data center in Texas for OpenAI, part of the US Stargate Project. This initiative aims to boost US AI capabilities, reduce OpenAI's dependence on Microsoft, and help Oracle compete with cloud market leaders like Google and Amazon."
GOOGL,2025-05-23,06:05,"Wedbush sets Street-high target on Tesla, calls it ’most undervalued AI play’ By Investing.com",https://www.investing.com/news/stock-market-news/wedbush-sets-streethigh-target-on-tesla-calls-it-most-undervalued-ai-play-4061602,Positive,1,"Wedbush Securities has significantly raised its price target on Tesla to a Street-high $500, reiterating an Outperform rating, based on the company's autonomous vehicle and AI strategy, which they believe is currently the ""most undervalued AI play"" with potential for massive future valuation creation."
GOOGL,2025-05-23,05:22,Workday Inc receives Investment Bank Analyst Rating Update By Investing.com,https://www.investing.com/news/pro/jpmorgan-maintains-workday-at-overweight-with-a-price-target-of-29500-4061513,Neutral,1,"The article title indicates that Workday Inc received an investment bank analyst rating update. However, the body of the article consists solely of standard financial risk disclosures and disclaimers from the publisher, Investing.com, and provides no details about the actual rating or its content."
GOOGL,2025-05-23,04:58,JMP maintains Alphabet stock Market Perform amid AI search shift By Investing.com,https://www.investing.com/news/analyst-ratings/jmp-maintains-alphabet-stock-market-perform-amid-ai-search-shift-93CH-4061469,Neutral,3,"JMP Securities maintained a ""Market Perform"" rating on Alphabet, citing the company's adaptation of its advertising strategy to AI search capabilities and potential for sustained revenue through increased ad load. However, the analyst noted that rising competition limits valuation, leading to a neutral outlook despite strong financial health."
GOOGL,2025-05-23,04:49,"Analysis-Amid ’Jensanity’, Nvidia signals plans to keep AI crown By Reuters",https://www.investing.com/news/stock-market-news/analysisamid-jensanity-nvidia-signals-plans-to-keep-ai-crown-4061462,Neutral,4,"The article discusses Nvidia CEO Jensen Huang's visit to Taiwan, highlighting the company's AI chip dominance while noting challenges like potential AI spending slowdowns by cloud providers such as Google and U.S. trade restrictions. It details Nvidia's strategies to maintain growth through new technologies like NVLink Fusion and expansion into the enterprise market, supported by its strong Taiwanese ecosystem."
GOOGL,2025-05-23,04:15,Google Inc receives Investment Bank Analyst Rating Update By Investing.com,https://www.investing.com/news/pro/citizens-jmp--maintains-alphabet-a-at-market-perform-4061436,Neutral,1,The provided article is a standard disclaimer and risk disclosure from Investing.com and Fusion Media. It does not contain any actual news content regarding the mentioned investment bank analyst rating update for Google Inc.
GOOGL,2025-05-22,18:06,Disney seeks to stop YouTube from hiring veteran to oversee sports and media By Reuters,https://www.investing.com/news/stock-market-news/youtube-hires-former-disney-veteran-to-oversee-sports-and-media-4061043,Negative,4,"Walt Disney has filed a lawsuit against Alphabet's YouTube to prevent it from hiring veteran executive Justin Connolly, alleging breach of contract, unfair competition, and interference with his employment agreement which runs until March 2027. Disney seeks an injunction to stop Connolly from taking on his new role as YouTube's global head of media and sports, where he was appointed to oversee relationships and the growing live sports portfolio."
GOOGL,2025-05-22,17:51,"Google’s Youtube hiring former Disney exec Justin Connolly, sources say",https://www.investing.com/news/assorted/googles-youtube-hiring-former-disney-exec-justin-connolly-sources-say--reuters-432SI-4061011,Positive,3,"Sources indicate that YouTube, a division of Google (GOOGL), is reportedly hiring former Disney executive Justin Connolly. This move suggests YouTube is bringing in experienced leadership from a major media competitor."
GOOGL,2025-05-22,15:46,"Apple eyes 2026 smart glasses launch amid AI hardware race, Bloomberg reports By Investing.com",https://www.investing.com/news/stock-market-news/apple-eyes-2026-smart-glasses-launch-amid-ai-hardware-race-bloomberg-reports-4060561,Neutral,3,"Apple is reportedly accelerating development of AI-integrated smart glasses targeting a late 2026 launch, shifting focus towards this ambient computing wearable. This move is seen as a significant push into the competitive AI hardware market, where companies like Meta and Google (which recently announced its own AI glasses partnership) are also actively developing products."
GOOGL,2025-05-22,13:56,"Amazon tests AI audio summaries for products, expanding tech giant’s AI push (May 21) By Reuters",https://www.investing.com/news/stock-market-news/amazon-tests-ai-audio-summaries-for-products-expanding-tech-giants-ai-push-may-21-4060447,Neutral,2,"Amazon is testing AI-powered audio summaries for products on its platform, analyzing details and reviews to provide highlights. This initiative is part of Amazon's broader strategy to integrate AI across its services, reflecting a wider trend among major tech companies."
GOOGL,2025-05-22,11:56,"Google faces DOJ probe over Character.AI deal, Bloomberg Law reports By Reuters",https://www.investing.com/news/stock-market-news/google-faces-doj-probe-over-deal-for-ai-tech-bloomberg-law-reports-4060282,Negative,4,"The U.S. Justice Department is reportedly probing Alphabet's Google over its agreement with AI startup Character.AI, examining whether the deal violates antitrust law or was structured to avoid formal merger scrutiny. The probe is in its early stages and may not lead to enforcement action, according to the report."
GOOGL,2025-05-22,07:02,TSX finishes slightly higher after index inches back from record high By Investing.com,https://www.investing.com/news/stock-market-news/tsx-futures-point-higher-after-index-inches-back-from-record-high-4059223,Neutral,3,"The article provides a general market wrap-up, noting mixed performance in US stocks with the Nasdaq Composite index closing slightly higher. It also includes specific tech industry news, highlighting competitor advancements in AI models and competitive developments in the AI/AR smart glasses market, mentioning a Google partnership."
GOOGL,2025-05-22,05:52,Wall Street stocks end mostly flat in choppy trade as Treasury yields ease By Reuters,https://www.investing.com/news/stock-market-news/us-stock-futures-muted-as-trumps-tax-bill-stokes-debt-concerns-4059030,Neutral,4,"U.S. stocks closed mostly flat after a choppy session, recovering initial losses as Treasury yields eased. The market digested the passage of a tax and spending bill while remaining cautious about ongoing concerns like tariffs and interest rates."
GOOGL,2025-05-21,22:24,Treasury yields ease with US stocks flat to up; investors assess US tax bill By Reuters,https://www.investing.com/news/stock-market-news/treasury-yields-rise-stocks-decline-on-us-fiscal-outlook-worries-4058567,Neutral,4,"The article reports on fluctuating Treasury yields influenced by concerns over the U.S. fiscal outlook and a new tax bill, which eased later in the day after reaching highs. U.S. stocks ended flat to slightly higher overall, with the Nasdaq rising and tech stocks like Alphabet performing well, while some sectors like solar energy declined due to the tax bill's impact. The dollar strengthened, while commodities like oil and gold fell, and Bitcoin rose."
GOOGL,2025-05-21,21:05,Stock market today: S&P 500 ends flat as US debt concerns weigh on sentiment By Investing.com,https://www.investing.com/news/stock-market-news/us-stock-futures-flat-after-rising-yields-spook-wall-street-4058548,Neutral,4,"The S&P 500 ended flat as market sentiment was pressured by concerns over high U.S. debt levels and the passage of a controversial tax and spending bill. Despite overall fragility, tech stocks, led by Alphabet, saw dip-buying and helped the market steady after a previous day's decline."
